state,city,stores,latitude,longitude,query_used,matched_address
Pichincha,Quito,18,-0.2201641,-78.5123274,"Quito, Pichincha, Ecuador","Quito, Pichincha, 170130, Ecuador"
Guayas,Guayaquil,8,-2.1900572,-79.8868669,"Guayaquil, Guayas, Ecuador","Guayaquil, Guayas, Ecuador"
Azuay,Cuenca,3,-2.8974072,-79.0041726,"Cuenca, Azuay, Ecuador","Cuenca, Azuay, 010101, Ecuador"
Santo Domingo de los Tsachilas,Santo Domingo,3,-0.2475027,-79.1713171,"Santo Domingo, Santo Domingo de los Tsachilas, Ecuador","Santo Domingo, Santo Domingo de los Tsachilas, Santo Domingo, Santo Domingo de los Tsáchilas, 230102, Ecuador"
Tungurahua,Ambato,2,-1.2422413,-78.6287594,"Ambato, Tungurahua, Ecuador","Ambato, Tungurahua, Ecuador"
Cotopaxi,Latacunga,2,-0.9340311,-78.6145758,"Latacunga, Cotopaxi, Ecuador","Latacunga, Cotopaxi, Ecuador"
El Oro,Machala,2,-3.3148937,-79.9512804,"Machala, El Oro, Ecuador","Machala, El Oro, Ecuador"
Manabi,Manta,2,-1.0320063,-80.8169311,"Manta, Manabi, Ecuador","Manta, Manabí, Ecuador"
Los Rios,Babahoyo,1,-1.8762599,-79.5068917,"Babahoyo, Los Rios, Ecuador","Babahoyo, Los Ríos, Ecuador"
Pichincha,Cayambe,1,-0.0036006,-78.0476233,"Cayambe, Pichincha, Ecuador","Cayambe, Pichincha, Ecuador"
Guayas,Daule,1,-1.9200068,-79.9129307,"Daule, Guayas, Ecuador","Daule, Guayas, Ecuador"
Manabi,El Carmen,1,-0.4809541,-79.5741548,"El Carmen, Manabi, Ecuador","El Carmen, Manabí, Ecuador"
Esmeraldas,Esmeraldas,1,0.9668153,-79.6523847,"Esmeraldas, Esmeraldas, Ecuador","Esmeraldas, Ecuador"
Bolivar,Guaranda,1,-1.4398571,-79.0576662,"Guaranda, Bolivar, Ecuador","Guaranda, Bolívar, Ecuador"
Imbabura,Ibarra,1,0.5159369,-78.1329448,"Ibarra, Imbabura, Ecuador","Ibarra, Imbabura, Ecuador"
Guayas,Libertad,1,-2.2206784,-80.9087461,"La Libertad, Santa Elena, Ecuador","La Libertad, Santa Elena, Ecuador"
Loja,Loja,1,-3.996845,-79.2016661,"Loja, Loja, Ecuador","Loja, 110108, Ecuador"
Guayas,Playas,1,-2.5937913,-80.4261454,"Playas, Guayas, Ecuador","Playas, Guayas, Ecuador"
Pastaza,Puyo,1,-1.4854777,-77.9969666,"Puyo, Pastaza, Ecuador","Puyo, Pastaza, Ecuador"
Los Rios,Quevedo,1,-1.0669701,-79.4776812,"Quevedo, Los Rios, Ecuador","Quevedo, Los Ríos, Ecuador"
Chimborazo,Riobamba,1,-1.6716698,-78.6607421,"Riobamba, Chimborazo, Ecuador","Riobamba, Santa Cruz, Riobamba, Chimborazo, Ecuador"
Santa Elena,Salinas,1,-2.2612497,-80.9237973,"Salinas, Santa Elena, Ecuador","Salinas, Santa Elena, Ecuador"
